time,cpu,memory,storage,temp
23:39,1.75327,23.5799,4%,46
23:39,1.7533,23.5901,4%,46
23:39,1.75332,23.5797,4%,46
23:39,1.75337,23.5777,4%,46
23:39,1.75339,23.5806,4%,46
23:39,1.75341,23.5925,4%,46
23:39,1.75343,23.5888,4%,46
23:39,1.75345,23.5015,4%,46
23:39,1.75347,23.504,4%,46
